品类,产品名称,产地,省份,原始价格文本,价格(元/斤),涨跌幅(%),发布日期
榴莲,榴莲,山东济南市历城区,山东,26.21元/斤,26.21,0.0,2026-08-27
榴莲,榴莲,山东青岛市即墨区,山东,30.03元/斤,30.03,0.0,2026-08-27
榴莲,榴莲,云南大理白族自治州漾濞彝族自治县,云南,18.96元/斤,18.96,-1.91,2026-08-27
榴莲,苏丹王,广东广州市白云区,广东,41.44元/斤,41.44,0.0,2026-08-27
榴莲,金枕,河北石家庄市井陉县,河北,26.63元/斤,26.63,0.0,2026-08-27
榴莲,金枕,辽宁大连市瓦房店市,辽宁,38.32元/斤,38.32,0.0,2026-08-27
榴莲,金枕,浙江杭州市余杭区,浙江,20.56元/斤,20.56,0.0,2026-08-27
榴莲,金枕,山东济南市历下区,山东,24.65元/斤,24.65,0.0,2026-08-27
榴莲,金枕,山东济南市历城区,山东,22.27元/斤,22.27,0.0,2026-08-27
榴莲,金枕,山东青岛市即墨区,山东,24.93元/斤,24.93,0.0,2026-08-27
榴莲,金枕,湖南长沙市芙蓉区,湖南,29.04元/斤,29.04,0.0,2026-08-27
榴莲,金枕,广东广州市白云区,广东,18.19元/斤,18.19,0.0,2026-08-27
榴莲,金枕,广东广州市荔湾区,广东,23.71元/斤,23.71,0.0,2026-08-27
榴莲,金枕,广东佛山市南海区,广东,26.73元/斤,26.73,0.0,2026-08-27
榴莲,金枕,广西南宁市上林县,广西,38.4元/斤,38.4,1.35,2026-08-27
榴莲,金枕,广西南宁市兴宁区,广西,32.66元/斤,32.66,0.0,2026-08-27
榴莲,金枕,广西南宁市江南区,广西,17元/斤,17.0,0.0,2026-08-27
榴莲,金枕,广西柳州市融安县,广西,26.55元/斤,26.55,0.0,2026-08-27
榴莲,金枕,云南昆明市东川区,云南,31.51元/斤,31.51,0.0,2026-08-27
榴莲,金枕,云南昆明市五华区,云南,24.84元/斤,24.84,0.0,2026-08-27
榴莲,金枕,云南昆明市安宁市,云南,28.05元/斤,28.05,0.0,2026-08-27
榴莲,金枕,云南昆明市官渡区,云南,25.84元/斤,25.84,0.0,2026-08-27
榴莲,金枕,云南昆明市盘龙区,云南,22.71元/斤,22.71,0.0,2026-08-27
榴莲,金枕,云南西双版纳傣族自治州勐海县,云南,23.8元/斤,23.8,0.0,2026-08-27
榴莲,金枕,云南大理白族自治州大理市,云南,18.7元/斤,18.7,0.0,2026-08-27
榴莲,托曼尼,云南昆明市官渡区,云南,27.98元/斤,27.98,0.0,2026-08-27
榴莲,甲仑,云南昆明市官渡区,云南,33.59元/斤,33.59,0.0,2026-08-27
榴莲,巴掌榴莲,广东佛山市南海区,广东,22.67元/斤,22.67,0.0,2026-08-27
榴莲,巴掌榴莲,云南昆明市官渡区,云南,37.14元/斤,37.14,0.0,2026-08-27
榴莲,猫山王,山东济南市历城区,山东,26.35元/斤,26.35,0.0,2026-08-27
草莓,草莓,江苏徐州市贾汪区,江苏,7.23元/斤,7.23,0.0,2026-08-27
草莓,草莓,安徽阜阳市太和县,安徽,8.5元/斤,8.5,0.0,2026-08-27
草莓,草莓,安徽阜阳市颍东区,安徽,3.4元/斤,3.4,0.0,2026-08-27
草莓,草莓,河南郑州市中原区,河南,2.55元/斤,2.55,0.0,2026-08-27
草莓,草莓,广东广州市白云区,广东,6.8元/斤,6.8,0.0,2026-08-27
草莓,草莓,四川凉山彝族自治州德昌县,四川,2.55元/斤,2.55,0.0,2026-08-27
草莓,草莓,云南曲靖市会泽县,云南,4.25元/斤,4.25,0.0,2026-08-27
草莓,草莓,云南昭通市巧家县,云南,12.75元/斤,12.75,0.0,2026-08-27
草莓,草莓,云南大理白族自治州漾濞彝族自治县,云南,10.63元/斤,10.63,0.0,2026-08-27
草莓,红颜草莓,河北衡水市深州市,河北,8.16元/斤,8.16,0.0,2026-08-27
草莓,红颜草莓,辽宁丹东市东港市,辽宁,7.62元/斤,7.62,0.0,2026-08-27
草莓,红颜草莓,河南郑州市中牟县,河南,12.75元/斤,12.75,0.0,2026-08-27
草莓,红颜草莓,重庆市九龙坡区,重庆,10.2元/斤,10.2,0.0,2026-08-27
草莓,红颜草莓,四川广元市昭化区,四川,11.48元/斤,11.48,0.0,2026-08-27
草莓,红颜草莓,云南曲靖市会泽县,云南,8.44元/斤,8.44,-17.87,2026-08-27
草莓,甜宝草莓,山东青岛市平度市,山东,8.61元/斤,8.61,0.0,2026-08-27
草莓,奶油草莓,河北保定市顺平县,河北,4.25元/斤,4.25,0.0,2026-08-27
草莓,奶油草莓,江苏徐州市贾汪区,江苏,7.07元/斤,7.07,0.0,2026-08-27
草莓,奶油草莓,安徽阜阳市太和县,安徽,8.5元/斤,8.5,0.0,2026-08-27
草莓,奶油草莓,安徽阜阳市颍东区,安徽,8.84元/斤,8.84,0.0,2026-08-27
草莓,奶油草莓,安徽阜阳市颍泉区,安徽,9.92元/斤,9.92,0.0,2026-08-27
草莓,奶油草莓,山东青岛市平度市,山东,8.71元/斤,8.71,0.0,2026-08-27
草莓,奶油草莓,四川凉山彝族自治州德昌县,四川,5.95元/斤,5.95,0.0,2026-08-27
草莓,奶油草莓,云南曲靖市会泽县,云南,10.89元/斤,10.89,0.0,2026-08-27
草莓,奶油草莓,云南普洱市景东彝族自治县,云南,4.25元/斤,4.25,0.0,2026-08-27
草莓,奶油草莓,云南玉溪市红塔区,云南,6.8元/斤,6.8,0.0,2026-08-27
草莓,奶油草莓,云南楚雄彝族自治州楚雄市,云南,11.24元/斤,11.24,0.0,2026-08-27
草莓,妙香草莓,江苏徐州市贾汪区,江苏,7.79元/斤,7.79,0.0,2026-08-27
草莓,妙香草莓,云南玉溪市江川区,云南,8.5元/斤,8.5,0.0,2026-08-27
草莓,天仙醉草莓,安徽阜阳市颍东区,安徽,12.75元/斤,12.75,0.0,2026-08-27
苹果,苹果,河北石家庄市晋州市,河北,1.59元/斤,1.59,0.0,2026-08-27
苹果,苹果,山西晋中市祁县,山西,1.44元/斤,1.44,0.0,2026-08-27
苹果,苹果,山西运城市万荣县,山西,0.77元/斤,0.77,0.0,2026-08-27
苹果,苹果,山西运城市临猗县,山西,1.15元/斤,1.15,1.89,2026-08-27
苹果,苹果,山西运城市永济市,山西,0.85元/斤,0.85,0.0,2026-08-27
苹果,苹果,山西运城市盐湖区,山西,1.11元/斤,1.11,0.0,2026-08-27
苹果,苹果,内蒙古赤峰市松山区,内蒙古,1.02元/斤,1.02,0.0,2026-08-27
苹果,苹果,辽宁营口市鲅鱼圈区,辽宁,2.13元/斤,2.13,0.0,2026-08-27
苹果,苹果,辽宁铁岭市开原市,辽宁,2.55元/斤,2.55,0.0,2026-08-27
苹果,苹果,辽宁葫芦岛市绥中县,辽宁,1.39元/斤,1.39,0.0,2026-08-27
苹果,苹果,吉林辽源市东丰县,吉林,0.98元/斤,0.98,0.0,2026-08-27
苹果,苹果,山东青岛市市北区,山东,2.64元/斤,2.64,0.0,2026-08-27
苹果,苹果,山东青岛市黄岛区,山东,3.4元/斤,3.4,0.0,2026-08-27
苹果,苹果,山东淄博市沂源县,山东,1.28元/斤,1.28,0.0,2026-08-27
苹果,苹果,山东枣庄市峄城区,山东,6.32元/斤,6.32,0.0,2026-08-27
苹果,苹果,山东烟台市招远市,山东,7.57元/斤,7.57,0.0,2026-08-27
苹果,苹果,山东烟台市栖霞市,山东,1.93元/斤,1.93,0.0,2026-08-27
苹果,苹果,山东烟台市海阳市,山东,1.49元/斤,1.49,0.0,2026-08-27
苹果,苹果,山东烟台市福山区,山东,1.32元/斤,1.32,0.0,2026-08-27
苹果,苹果,山东烟台市莱阳市,山东,5.74元/斤,5.74,0.0,2026-08-27
苹果,苹果,山东日照市莒县,山东,0.68元/斤,0.68,0.0,2026-08-27
苹果,苹果,山东临沂市沂南县,山东,0.77元/斤,0.77,0.0,2026-08-27
苹果,苹果,山东临沂市沂水县,山东,1.19元/斤,1.19,0.0,2026-08-27
苹果,苹果,山东临沂市蒙阴县,山东,6.72元/斤,6.72,0.0,2026-08-27
苹果,苹果,山东临沂市费县,山东,1.87元/斤,1.87,0.0,2026-08-27
苹果,苹果,河南开封市祥符区,河南,1.02元/斤,1.02,0.0,2026-08-27
苹果,苹果,四川成都市崇州市,四川,4.71元/斤,4.71,0.0,2026-08-27
苹果,苹果,四川阿坝藏族羌族自治州小金县,四川,1.53元/斤,1.53,0.0,2026-08-27
苹果,苹果,四川凉山彝族自治州会东县,四川,6.38元/斤,6.38,0.0,2026-08-27
苹果,苹果,四川凉山彝族自治州喜德县,四川,1.53元/斤,1.53,0.0,2026-08-27
梨,梨,河北石家庄市赵县,河北,3.33元/斤,3.33,-15.26,2026-08-27
梨,梨,河北唐山市乐亭县,河北,0.43元/斤,0.43,0.0,2026-08-27
梨,梨,河北邯郸市大名县,河北,3.75元/斤,3.75,0.0,2026-08-27
梨,梨,河北保定市博野县,河北,0.72元/斤,0.72,0.0,2026-08-27
梨,梨,河北廊坊市固安县,河北,1.17元/斤,1.17,-23.33,2026-08-27
梨,梨,山西运城市万荣县,山西,0.88元/斤,0.88,0.0,2026-08-27
梨,梨,山西运城市临猗县,山西,1.36元/斤,1.36,0.0,2026-08-27
梨,梨,山西运城市夏县,山西,1.57元/斤,1.57,-13.95,2026-08-27
梨,梨,山西运城市永济市,山西,1.2元/斤,1.2,0.0,2026-08-27
梨,梨,山西运城市盐湖区,山西,2.03元/斤,2.03,0.0,2026-08-27
梨,梨,山西临汾市尧都区,山西,2.55元/斤,2.55,0.0,2026-08-27
梨,梨,辽宁鞍山市海城市,辽宁,1.36元/斤,1.36,0.0,2026-08-27
梨,梨,辽宁铁岭市开原市,辽宁,2.76元/斤,2.76,0.0,2026-08-27
梨,梨,辽宁葫芦岛市绥中县,辽宁,1.01元/斤,1.01,0.0,2026-08-27
梨,梨,江苏无锡市宜兴市,江苏,5.37元/斤,5.37,0.0,2026-08-27
梨,梨,浙江嘉兴市秀洲区,浙江,3.48元/斤,3.48,0.0,2026-08-27
梨,梨,安徽宿州市砀山县,安徽,2.79元/斤,2.79,0.0,2026-08-27
梨,梨,安徽宿州市萧县,安徽,4.9元/斤,4.9,0.0,2026-08-27
梨,梨,安徽宣城市广德市,安徽,2.34元/斤,2.34,0.0,2026-08-27
梨,梨,福建三明市建宁县,福建,0.81元/斤,0.81,0.0,2026-08-27
梨,梨,山东青岛市莱西市,山东,0.85元/斤,0.85,0.0,2026-08-27
梨,梨,山东淄博市周村区,山东,2.98元/斤,2.98,0.0,2026-08-27
梨,梨,山东东营市河口区,山东,1.02元/斤,1.02,0.0,2026-08-27
梨,梨,山东烟台市莱阳市,山东,3.47元/斤,3.47,0.0,2026-08-27
梨,梨,山东临沂市蒙阴县,山东,5.15元/斤,5.15,0.0,2026-08-27
梨,梨,河南平顶山市鲁山县,河南,0.68元/斤,0.68,-42.86,2026-08-27
梨,梨,河南南阳市新野县,河南,0.68元/斤,0.68,0.0,2026-08-27
梨,梨,河南南阳市社旗县,河南,1.06元/斤,1.06,0.0,2026-08-27
梨,梨,河南商丘市虞城县,河南,0.94元/斤,0.94,0.0,2026-08-27
梨,梨,湖北襄阳市枣阳市,湖北,1.02元/斤,1.02,0.0,2026-08-27
